Ukraine,Cherkas'ka,Babanka
Ukraine,Cherkas'ka,Balakliya
Ukraine,Cherkas'ka,Bilozir'ya
Ukraine,Cherkas'ka,Buky
Ukraine,Cherkas'ka,Chapayevka
Ukraine,Cherkas'ka,Cherkasy
Ukraine,Cherkas'ka,Chervona Sloboda
Ukraine,Cherkas'ka,Chornobay
Ukraine,Cherkas'ka,Chyhyryn
Ukraine,Cherkas'ka,Drabiv
Ukraine,Cherkas'ka,Dubiyivka
Ukraine,Cherkas'ka,Hel'myaziv
Ukraine,Cherkas'ka,Horodyshche
Ukraine,Cherkas'ka,Irdyn'
Ukraine,Cherkas'ka,Kam'yanka
Ukraine,Cherkas'ka,Kaniv
Ukraine,Cherkas'ka,Katerynopil'
Ukraine,Cherkas'ka,Khats'ky
Ukraine,Cherkas'ka,Khrystynivka
Ukraine,Cherkas'ka,Korsun'-Shevchenkivs'kyy
Ukraine,Cherkas'ka,Lebedyn
Ukraine,Cherkas'ka,Les'ky
Ukraine,Cherkas'ka,Lysyanka
Ukraine,Cherkas'ka,Man'kivka
Ukraine,Cherkas'ka,Matusiv
Ukraine,Cherkas'ka,Mliyiv
Ukraine,Cherkas'ka,Monastyryshche
Ukraine,Cherkas'ka,Moshny
Ukraine,Cherkas'ka,Nove Misto
Ukraine,Cherkas'ka,Pishchane
Ukraine,Cherkas'ka,Rodnykivka
Ukraine,Cherkas'ka,Russkaya Polyana
Ukraine,Cherkas'ka,Sahunivka
Ukraine,Cherkas'ka,Shpola
Ukraine,Cherkas'ka,Shramkivka
Ukraine,Cherkas'ka,Smila
Ukraine,Cherkas'ka,Stebliv
Ukraine,Cherkas'ka,Tal'ne
Ukraine,Cherkas'ka,Tsvitkove
Ukraine,Cherkas'ka,Tsybuliv
Ukraine,Cherkas'ka,Uman'
Ukraine,Cherkas'ka,Vatutine
Ukraine,Cherkas'ka,Velyka Sevastyanivka
Ukraine,Cherkas'ka,Verkhnyachka
Ukraine,Cherkas'ka,Vil'khovets'
Ukraine,Cherkas'ka,Vil'shana
Ukraine,Cherkas'ka,Voznesens'ke
Ukraine,Cherkas'ka,Yasnozir'ya
Ukraine,Cherkas'ka,Yerky
Ukraine,Cherkas'ka,Yurkivka
Ukraine,Cherkas'ka,Zhashkiv
Ukraine,Cherkas'ka,Zolotonosha
Ukraine,Cherkas'ka,Zvenyhorodka
Ukraine,Chernihivs'ka,Bakhmach
Ukraine,Chernihivs'ka,Baturyn
Ukraine,Chernihivs'ka,Berezna
Ukraine,Chernihivs'ka,Bobrovytsya
Ukraine,Chernihivs'ka,Borzna
Ukraine,Chernihivs'ka,Chernihiv
Ukraine,Chernihivs'ka,Chervoni Partyzany
Ukraine,Chernihivs'ka,Desna
Ukraine,Chernihivs'ka,Dihtyari
Ukraine,Chernihivs'ka,Dmytrivka
Ukraine,Chernihivs'ka,Dobryanka
Ukraine,Chernihivs'ka,Druzhba
Ukraine,Chernihivs'ka,Honcharivs'ke
Ukraine,Chernihivs'ka,Horodnya
Ukraine,Chernihivs'ka,Ichnya
Ukraine,Chernihivs'ka,Kholmy
Ukraine,Chernihivs'ka,Kobyzhcha
Ukraine,Chernihivs'ka,Korop
Ukraine,Chernihivs'ka,Koryukivka
Ukraine,Chernihivs'ka,Kozelets'
Ukraine,Chernihivs'ka,Kulykivka
Ukraine,Chernihivs'ka,Kurin'
Ukraine,Chernihivs'ka,Ladan
Ukraine,Chernihivs'ka,Losynivka
Ukraine,Chernihivs'ka,Lynovytsya
Ukraine,Chernihivs'ka,Lyubech
Ukraine,Chernihivs'ka,Makoshyne
Ukraine,Chernihivs'ka,Mala Divytsya
Ukraine,Chernihivs'ka,Mena
Ukraine,Chernihivs'ka,Mykhaylo-Kotsyubyns'ke
Ukraine,Chernihivs'ka,Nizhyn
Ukraine,Chernihivs'ka,Nosivka
Ukraine,Chernihivs'ka,Nova Basan'
Ukraine,Chernihivs'ka,Novhorod-Sivers'kyy
Ukraine,Chernihivs'ka,Olyshivka
Ukraine,Chernihivs'ka,Oster
Ukraine,Chernihivs'ka,Parafiyivka
Ukraine,Chernihivs'ka,Ponornytsya
Ukraine,Chernihivs'ka,Pryluky
Ukraine,Chernihivs'ka,Radul'
Ukraine,Chernihivs'ka,Ripky
Ukraine,Chernihivs'ka,Sedniv
Ukraine,Chernihivs'ka,Semenivka
Ukraine,Chernihivs'ka,Shchors
Ukraine,Chernihivs'ka,Sosnytsya
Ukraine,Chernihivs'ka,Sribne
Ukraine,Chernihivs'ka,Talalayivka
Ukraine,Chernihivs'ka,Varva
Ukraine,Chernihivs'ka,Vertiyivka
Ukraine,Chernihivs'ka,Zamhlay
Ukraine,Chernihivs'ka,Zhuravka
Ukraine,Chernivets'ka,Banyliv
Ukraine,Chernivets'ka,Banyliv-Pidhirnyy
Ukraine,Chernivets'ka,Berehomet
Ukraine,Chernivets'ka,Bilousivka
Ukraine,Chernivets'ka,Boyany
Ukraine,Chernivets'ka,Chahor
Ukraine,Chernivets'ka,Chernivtsi
Ukraine,Chernivets'ka,Chudey
Ukraine,Chernivets'ka,Davydivka
Ukraine,Chernivets'ka,Dynivtsi
Ukraine,Chernivets'ka,Hertsa
Ukraine,Chernivets'ka,Hlyboka
Ukraine,Chernivets'ka,Ispas
Ukraine,Chernivets'ka,Ivanivtsi
Ukraine,Chernivets'ka,Kadubivtsi
Ukraine,Chernivets'ka,Kam'yanka
Ukraine,Chernivets'ka,Kel'mentsi
Ukraine,Chernivets'ka,Khotyn
Ukraine,Chernivets'ka,Kitsman'
Ukraine,Chernivets'ka,Klishkivtsi
Ukraine,Chernivets'ka,Kolinkivtsi
Ukraine,Chernivets'ka,Kostryzhivka
Ukraine,Chernivets'ka,Krasnoyil's'k
Ukraine,Chernivets'ka,Luzhany
Ukraine,Chernivets'ka,Mamayivtsi
Ukraine,Chernivets'ka,Marshyntsi
Ukraine,Chernivets'ka,Molodiya
Ukraine,Chernivets'ka,Myhove
Ukraine,Chernivets'ka,Nedoboyivtsi
Ukraine,Chernivets'ka,Nepolokivtsi
Ukraine,Chernivets'ka,Novodnistrovs'k
Ukraine,Chernivets'ka,Novoselytsya
Ukraine,Chernivets'ka,Nyzhni Petrivtsi
Ukraine,Chernivets'ka,Ostrytsya
Ukraine,Chernivets'ka,Putyla
Ukraine,Chernivets'ka,Ridkivtsi
Ukraine,Chernivets'ka,Romankivtsi
Ukraine,Chernivets'ka,Ropcha
Ukraine,Chernivets'ka,Rukshyn
Ukraine,Chernivets'ka,Rzhavyntsi
Ukraine,Chernivets'ka,Shylivtsi
Ukraine,Chernivets'ka,Shypyntsi
Ukraine,Chernivets'ka,Sokyryany
Ukraine,Chernivets'ka,Storozhynets'
Ukraine,Chernivets'ka,Tarasivtsi
Ukraine,Chernivets'ka,Toporivtsi
Ukraine,Chernivets'ka,Tysovets'
Ukraine,Chernivets'ka,Vashkivtsi
Ukraine,Chernivets'ka,Velykyy Kuchuriv
Ukraine,Chernivets'ka,Verenchanka
Ukraine,Chernivets'ka,Verkhni Petrivtsi
Ukraine,Chernivets'ka,Voloka
Ukraine,Chernivets'ka,Vyzhnytsya
Ukraine,Chernivets'ka,Yizhivtsi
Ukraine,Chernivets'ka,Zarozhany
Ukraine,Chernivets'ka,Zastavna
Ukraine,Dnipropetrovs'ka,Apostolove
Ukraine,Dnipropetrovs'ka,Auly
Ukraine,Dnipropetrovs'ka,Bohdanivka
Ukraine,Dnipropetrovs'ka,Bohuslav
Ukraine,Dnipropetrovs'ka,Brahynivka
Ukraine,Dnipropetrovs'ka,Chaplyne
Ukraine,Dnipropetrovs'ka,Cherkas'ke
Ukraine,Dnipropetrovs'ka,Chervonohryhorivka
Ukraine,Dnipropetrovs'ka,Chortomlyk
Ukraine,Dnipropetrovs'ka,Demuryne
Ukraine,Dnipropetrovs'ka,Dmytrivka
Ukraine,Dnipropetrovs'ka,Dniprodzerzhyns'k
Ukraine,Dnipropetrovs'ka,Dnipropetrovs'k
Ukraine,Dnipropetrovs'ka,Dniprovs'ke
Ukraine,Dnipropetrovs'ka,Hirnyts'ke
Ukraine,Dnipropetrovs'ka,Holubivka
Ukraine,Dnipropetrovs'ka,Hubynykha
Ukraine,Dnipropetrovs'ka,Hvardiys'ke
Ukraine,Dnipropetrovs'ka,Ilarionove
Ukraine,Dnipropetrovs'ka,Inhulets'
Ukraine,Dnipropetrovs'ka,Karnaukhivka
Ukraine,Dnipropetrovs'ka,Khrystoforivka
Ukraine,Dnipropetrovs'ka,Kirovs'ke
Ukraine,Dnipropetrovs'ka,Krynychky
Ukraine,Dnipropetrovs'ka,Kryvyy Rih
Ukraine,Dnipropetrovs'ka,Kurylivka
Ukraine,Dnipropetrovs'ka,Lenins'ke
Ukraine,Dnipropetrovs'ka,Loboykivka
Ukraine,Dnipropetrovs'ka,Lozuvatka
Ukraine,Dnipropetrovs'ka,Lykhivka
Ukraine,Dnipropetrovs'ka,Mahdalynivka
Ukraine,Dnipropetrovs'ka,Malomykhaylivka
Ukraine,Dnipropetrovs'ka,Mar'yans'ke
Ukraine,Dnipropetrovs'ka,Mar'yivka
Ukraine,Dnipropetrovs'ka,Marhanets'
Ukraine,Dnipropetrovs'ka,Melioratyvne
Ukraine,Dnipropetrovs'ka,Mezhova
Ukraine,Dnipropetrovs'ka,Mezhyrich
Ukraine,Dnipropetrovs'ka,Mohyliv
Ukraine,Dnipropetrovs'ka,Mykolayivka
Ukraine,Dnipropetrovs'ka,Nikopol'
Ukraine,Dnipropetrovs'ka,Novomoskovs'k
Ukraine,Dnipropetrovs'ka,Novomykolayivka
Ukraine,Dnipropetrovs'ka,Novooleksandrivka
Ukraine,Dnipropetrovs'ka,Novopavlivka
Ukraine,Dnipropetrovs'ka,Novopokrovka
Ukraine,Dnipropetrovs'ka,Nyva Trudova
Ukraine,Dnipropetrovs'ka,Oleksiyivka
Ukraine,Dnipropetrovs'ka,Ordzhonikidze
Ukraine,Dnipropetrovs'ka,Orlivshchyna
Ukraine,Dnipropetrovs'ka,P'yatykhatky
Ukraine,Dnipropetrovs'ka,Pavlohrad
Ukraine,Dnipropetrovs'ka,Pereshchepyne
Ukraine,Dnipropetrovs'ka,Pershotravens'k
Ukraine,Dnipropetrovs'ka,Petropavlivka
Ukraine,Dnipropetrovs'ka,Petrykivka
Ukraine,Dnipropetrovs'ka,Pidhorodne
Ukraine,Dnipropetrovs'ka,Pishchanka
Ukraine,Dnipropetrovs'ka,Pokrovs'ke
Ukraine,Dnipropetrovs'ka,Prosyana
Ukraine,Dnipropetrovs'ka,Pushkarivka
Ukraine,Dnipropetrovs'ka,Pys'menne
Ukraine,Dnipropetrovs'ka,Radushne
Ukraine,Dnipropetrovs'ka,Rozdory
Ukraine,Dnipropetrovs'ka,Sad
Ukraine,Dnipropetrovs'ka,Shchors'k
Ukraine,Dnipropetrovs'ka,Sholokhove
Ukraine,Dnipropetrovs'ka,Shyroke
Ukraine,Dnipropetrovs'ka,Slavhorod
Ukraine,Dnipropetrovs'ka,Sofiyivka
Ukraine,Dnipropetrovs'ka,Solone
Ukraine,Dnipropetrovs'ka,Spasskoye
Ukraine,Dnipropetrovs'ka,Surs'ko-Lytovs'ke
Ukraine,Dnipropetrovs'ka,Synel'nykove
Ukraine,Dnipropetrovs'ka,Taroms'ke
Ukraine,Dnipropetrovs'ka,Ternivka
Ukraine,Dnipropetrovs'ka,Tomakivka
Ukraine,Dnipropetrovs'ka,Tsarychanka
Ukraine,Dnipropetrovs'ka,Vasyl'kivka
Ukraine,Dnipropetrovs'ka,Verbky
Ukraine,Dnipropetrovs'ka,Verkhivtseve
Ukraine,Dnipropetrovs'ka,Verkhn'odniprovs'k
Ukraine,Dnipropetrovs'ka,Vil'nohirs'k
Ukraine,Dnipropetrovs'ka,Vyshchetarasivka
Ukraine,Dnipropetrovs'ka,Vyshneve
Ukraine,Dnipropetrovs'ka,Yur'yivka
Ukraine,Dnipropetrovs'ka,Yuvileyne
Ukraine,Dnipropetrovs'ka,Zelene
Ukraine,Dnipropetrovs'ka,Zelenodol's'k
Ukraine,Dnipropetrovs'ka,Zhovti Vody
Ukraine,Dnipropetrovs'ka,Znamenivka
Ukraine,Donets'ka,Amvrosiyivka
Ukraine,Donets'ka,Andriyivka
Ukraine,Donets'ka,Artemove
Ukraine,Donets'ka,Artyomovsk
Ukraine,Donets'ka,Avdiyivka
Ukraine,Donets'ka,Bilen'ke
Ukraine,Donets'ka,Bilets'ke
Ukraine,Donets'ka,Bilozers'ke
Ukraine,Donets'ka,Blagodatnoye
Ukraine,Donets'ka,Blahodatne
Ukraine,Donets'ka,Brazhyne
Ukraine,Donets'ka,Bulavyns'ke
Ukraine,Donets'ka,Bylbasivka
Ukraine,Donets'ka,Chasiv Yar
Ukraine,Donets'ka,Cherkas'ke
Ukraine,Donets'ka,Debal'tseve
Ukraine,Donets'ka,Dmytrivka
Ukraine,Donets'ka,Dobropillya
Ukraine,Donets'ka,Dokuchayivs'k
Ukraine,Donets'ka,Donets'ke
Ukraine,Donets'ka,Donetsk
Ukraine,Donets'ka,Dons'ke
Ukraine,Donets'ka,Drobysheve
Ukraine,Donets'ka,Druzhkivka
Ukraine,Donets'ka,Druzhne
Ukraine,Donets'ka,Dymytrov
Ukraine,Donets'ka,Dzerzhinsk
Ukraine,Donets'ka,Gornyak
Ukraine,Donets'ka,Hirne
Ukraine,Donets'ka,Hirnyts'ke
Ukraine,Donets'ka,Hol'movs'ke
Ukraine,Donets'ka,Horbachevo-Mykhaylivka
Ukraine,Donets'ka,Horlivka
Ukraine,Donets'ka,Hostre
Ukraine,Donets'ka,Hranitne
Ukraine,Donets'ka,Hrodivka
Ukraine,Donets'ka,Hruz'ko-Lomivka
Ukraine,Donets'ka,Hruz'ko-Zoryans'ke
Ukraine,Donets'ka,Illinka
Ukraine,Donets'ka,Ilovays'k
Ukraine,Donets'ka,Karlo-Marksove
Ukraine,Donets'ka,Keramik
Ukraine,Donets'ka,Khartsyz'k
Ukraine,Donets'ka,Kirove
Ukraine,Donets'ka,Kirovs'k
Ukraine,Donets'ka,Kirovs'ke
Ukraine,Donets'ka,Komsomol's'kyy
Ukraine,Donets'ka,Komsomolskoye
Ukraine,Donets'ka,Komyshivka
Ukraine,Donets'ka,Komyshuvakha
Ukraine,Donets'ka,Kontarne
Ukraine,Donets'ka,Korsun'
Ukraine,Donets'ka,Kostyantynivka
Ukraine,Donets'ka,Kramators'k
Ukraine,Donets'ka,Krasna Hora
Ukraine,Donets'ka,Krasna Polyana
Ukraine,Donets'ka,Krasnoarmeysk
Ukraine,Donets'ka,Krasnohorivka
Ukraine,Donets'ka,Krasnotorka
Ukraine,Donets'ka,Krasnyy Lyman
Ukraine,Donets'ka,Krasnyy Oktyabr
Ukraine,Donets'ka,Krynychna
Ukraine,Donets'ka,Kurakhove
Ukraine,Donets'ka,Kurdyumivka
Ukraine,Donets'ka,Kuteynykove
Ukraine,Donets'ka,Laryne
Ukraine,Donets'ka,Lenins'ke
Ukraine,Donets'ka,Lesnoye
Ukraine,Donets'ka,Luhans'ke
Ukraine,Donets'ka,Lymanchuk
Ukraine,Donets'ka,Makiyivka
Ukraine,Donets'ka,Malotaranivka
Ukraine,Donets'ka,Manhush
Ukraine,Donets'ka,Mar'yinka
Ukraine,Donets'ka,Mariupol'
Ukraine,Donets'ka,Mayak
Ukraine,Donets'ka,Moskovs'ke
Ukraine,Donets'ka,Mospyne
Ukraine,Donets'ka,Mykolayivka
Ukraine,Donets'ka,Myrne
Ukraine,Donets'ka,Myronivs'kyy
Ukraine,Donets'ka,Nelipivka
Ukraine,Donets'ka,Novhorods'ke
Ukraine,Donets'ka,Novoamvrosiyivs'ke
Ukraine,Donets'ka,Novoazovs'k
Ukraine,Donets'ka,Novodonets'ke
Ukraine,Donets'ka,Novoekonomichna
Ukraine,Donets'ka,Novohrodivka
Ukraine,Donets'ka,Novohryhorivka
Ukraine,Donets'ka,Novoluhans'ke
Ukraine,Donets'ka,Novomykolayivka
Ukraine,Donets'ka,Novoselivka
Ukraine,Donets'ka,Novotroyits'ke
Ukraine,Donets'ka,Novyy Svit
Ukraine,Donets'ka,Nykyforove
Ukraine,Donets'ka,Nyzhnya Krynka
Ukraine,Donets'ka,Ocheretyne
Ukraine,Donets'ka,Ol'hinka
Ukraine,Donets'ka,Ol'khovatka
Ukraine,Donets'ka,Oleksandrivka
Ukraine,Donets'ka,Oleksandrivs'ke
Ukraine,Donets'ka,Oleksiyivo-Druzhkivka
Ukraine,Donets'ka,Olenivka
Ukraine,Donets'ka,Panteleymonivka
Ukraine,Donets'ka,Pelahiyivka
Ukraine,Donets'ka,Pervomays'ke
Ukraine,Donets'ka,Pervomays'kyy
Ukraine,Donets'ka,Petrivka
Ukraine,Donets'ka,Pobyeda
Ukraine,Donets'ka,Pokrovka
Ukraine,Donets'ka,Pryberezhne
Ukraine,Donets'ka,Rayhorodok
Ukraine,Donets'ka,Rays'ke
Ukraine,Donets'ka,Rodyns'ke
Ukraine,Donets'ka,Rozsypne
Ukraine,Donets'ka,Sartana
Ukraine,Donets'ka,Selidove
Ukraine,Donets'ka,Serdyte
Ukraine,Donets'ka,Shabel'kivka
Ukraine,Donets'ka,Shakhtne
Ukraine,Donets'ka,Shakhtyorsk
Ukraine,Donets'ka,Shcherbynivka
Ukraine,Donets'ka,Shevchenko
Ukraine,Donets'ka,Shyroke
Ukraine,Donets'ka,Sivers'k
Ukraine,Donets'ka,Slav'yans'k
Ukraine,Donets'ka,Slov'yanohirs'k
Ukraine,Donets'ka,Snizhne
Ukraine,Donets'ka,Sofiyivka
Ukraine,Donets'ka,Soledar
Ukraine,Donets'ka,Starobesheve
Ukraine,Donets'ka,Staromlynivka
Ukraine,Donets'ka,Staromykhaylivka
Ukraine,Donets'ka,Staryy Krym
Ukraine,Donets'ka,Stizhkivs'ke
Ukraine,Donets'ka,Svitlodars'ke
Ukraine,Donets'ka,Svyatohorivka
Ukraine,Donets'ka,Syedove
Ukraine,Donets'ka,Syeverne
Ukraine,Donets'ka,Talakivka
Ukraine,Donets'ka,Tel'manove
Ukraine,Donets'ka,Torez
Ukraine,Donets'ka,Troyits'ko-Khartsyz'k
Ukraine,Donets'ka,Tsukuryne
Ukraine,Donets'ka,Udachne
Ukraine,Donets'ka,Ukrayins'k
Ukraine,Donets'ka,Velyka Novosilka
Ukraine,Donets'ka,Velyke Orikhove
Ukraine,Donets'ka,Verkhn'otorets'ke
Ukraine,Donets'ka,Vil'khivka
Ukraine,Donets'ka,Vodyans'ke
Ukraine,Donets'ka,Volnovakha
Ukraine,Donets'ka,Volodars'ke
Ukraine,Donets'ka,Volodymyrivka
Ukraine,Donets'ka,Voykove
Ukraine,Donets'ka,Voykovs'kyy
Ukraine,Donets'ka,Vuhledar
Ukraine,Donets'ka,Vuhlehirs'k
Ukraine,Donets'ka,Vuhlyar
Ukraine,Donets'ka,Vyshneve
Ukraine,Donets'ka,Vysoke
Ukraine,Donets'ka,Yalta
Ukraine,Donets'ka,Yampil'
Ukraine,Donets'ka,Yarova
Ukraine,Donets'ka,Yasna Polyana
Ukraine,Donets'ka,Yasnohirka
Ukraine,Donets'ka,Yasynivka
Ukraine,Donets'ka,Yasynuvata
Ukraine,Donets'ka,Yenakiyive
Ukraine,Donets'ka,Yunokomunarivs'k
Ukraine,Donets'ka,Zalisne
Ukraine,Donets'ka,Zaytseve
Ukraine,Donets'ka,Zemlyanky
Ukraine,Donets'ka,Zhdanivka
Ukraine,Donets'ka,Zhelanne
Ukraine,Donets'ka,Zuhres
Ukraine,Donets'ka,Zuyivka
Ukraine,Ivano-Frankivs'ka,Bil'shivtsi
Ukraine,Ivano-Frankivs'ka,Bili Oslavy
Ukraine,Ivano-Frankivs'ka,Bohorodchany
Ukraine,Ivano-Frankivs'ka,Bolekhiv
Ukraine,Ivano-Frankivs'ka,Broshniv-Osada
Ukraine,Ivano-Frankivs'ka,Bukachivtsi
Ukraine,Ivano-Frankivs'ka,Burshtyn
Ukraine,Ivano-Frankivs'ka,Bytkiv
Ukraine,Ivano-Frankivs'ka,Chernelytsya
Ukraine,Ivano-Frankivs'ka,Cherniyiv
Ukraine,Ivano-Frankivs'ka,Chernyatyn
Ukraine,Ivano-Frankivs'ka,Chornoliztsi
Ukraine,Ivano-Frankivs'ka,Chortovets'
Ukraine,Ivano-Frankivs'ka,Delyatyn
Ukraine,Ivano-Frankivs'ka,Dolyna
Ukraine,Ivano-Frankivs'ka,Halych
Ukraine,Ivano-Frankivs'ka,Holyn'
Ukraine,Ivano-Frankivs'ka,Horodenka
Ukraine,Ivano-Frankivs'ka,Hvizd
Ukraine,Ivano-Frankivs'ka,Hvizdets'
Ukraine,Ivano-Frankivs'ka,Ivano-Frankivs'k
Ukraine,Ivano-Frankivs'ka,Kalush
Ukraine,Ivano-Frankivs'ka,Khymchyn
Ukraine,Ivano-Frankivs'ka,Knyazholuka
Ukraine,Ivano-Frankivs'ka,Kolomyya
Ukraine,Ivano-Frankivs'ka,Kosiv
Ukraine,Ivano-Frankivs'ka,Kosmach
Ukraine,Ivano-Frankivs'ka,Krasna
Ukraine,Ivano-Frankivs'ka,Kuty
Ukraine,Ivano-Frankivs'ka,Lanchyn
Ukraine,Ivano-Frankivs'ka,Lysets'
Ukraine,Ivano-Frankivs'ka,Manyava
Ukraine,Ivano-Frankivs'ka,Markova
Ukraine,Ivano-Frankivs'ka,Nadvirna
Ukraine,Ivano-Frankivs'ka,Nebyliv
Ukraine,Ivano-Frankivs'ka,Novytsya
Ukraine,Ivano-Frankivs'ka,Nyzhniy Strutyn'
Ukraine,Ivano-Frankivs'ka,Obertyn
Ukraine,Ivano-Frankivs'ka,Otyniya
Ukraine,Ivano-Frankivs'ka,P'yadyky
Ukraine,Ivano-Frankivs'ka,Pasichna
Ukraine,Ivano-Frankivs'ka,Pechenizhyn
Ukraine,Ivano-Frankivs'ka,Perehins'ke
Ukraine,Ivano-Frankivs'ka,Petranka
Ukraine,Ivano-Frankivs'ka,Pistyn'
Ukraine,Ivano-Frankivs'ka,Pniv
Ukraine,Ivano-Frankivs'ka,Porohy
Ukraine,Ivano-Frankivs'ka,Radcha
Ukraine,Ivano-Frankivs'ka,Rohatyn
Ukraine,Ivano-Frankivs'ka,Rosil'na
Ukraine,Ivano-Frankivs'ka,Rozhniv
Ukraine,Ivano-Frankivs'ka,Rozhnyativ
Ukraine,Ivano-Frankivs'ka,Sadzhavka
Ukraine,Ivano-Frankivs'ka,Snyatyn
Ukraine,Ivano-Frankivs'ka,Solotvyn
Ukraine,Ivano-Frankivs'ka,Spas
Ukraine,Ivano-Frankivs'ka,Stari Bohorodchany
Ukraine,Ivano-Frankivs'ka,Stari Kuty
Ukraine,Ivano-Frankivs'ka,Staryy Lysets'
Ukraine,Ivano-Frankivs'ka,Stetseva
Ukraine,Ivano-Frankivs'ka,Svarychiv
Ukraine,Ivano-Frankivs'ka,Tlumach
Ukraine,Ivano-Frankivs'ka,Tysmenychany
Ukraine,Ivano-Frankivs'ka,Tysmenytsya
Ukraine,Ivano-Frankivs'ka,Uhryniv
Ukraine,Ivano-Frankivs'ka,Velykyy Klyuchiv
Ukraine,Ivano-Frankivs'ka,Verbovets'
Ukraine,Ivano-Frankivs'ka,Verkhovyna
Ukraine,Ivano-Frankivs'ka,Vorokhta
Ukraine,Ivano-Frankivs'ka,Voynyliv
Ukraine,Ivano-Frankivs'ka,Vyhoda
Ukraine,Ivano-Frankivs'ka,Yabluniv
Ukraine,Ivano-Frankivs'ka,Yamnytsya
Ukraine,Ivano-Frankivs'ka,Yaremche
Ukraine,Ivano-Frankivs'ka,Yasen'
Ukraine,Ivano-Frankivs'ka,Yaseniv-Pil'nyy
Ukraine,Ivano-Frankivs'ka,Zabolotiv
Ukraine,Ivano-Frankivs'ka,Zahvizdya
Ukraine,Ivano-Frankivs'ka,Zarechye
Ukraine,Ivano-Frankivs'ka,Zhovten'
Ukraine,Kharkivs'ka,Andriyivka
Ukraine,Kharkivs'ka,Babayi
Ukraine,Kharkivs'ka,Balakliya
Ukraine,Kharkivs'ka,Barvinkove
Ukraine,Kharkivs'ka,Berezivka
Ukraine,Kharkivs'ka,Bezlyudivka
Ukraine,Kharkivs'ka,Bilyy Kolodyaz'
Ukraine,Kharkivs'ka,Birky
Ukraine,Kharkivs'ka,Blyznyuky
Ukraine,Kharkivs'ka,Bohodukhiv
Ukraine,Kharkivs'ka,Borova
Ukraine,Kharkivs'ka,Budy
Ukraine,Kharkivs'ka,Chapayeve
Ukraine,Kharkivs'ka,Cherkas'ka Lozova
Ukraine,Kharkivs'ka,Chervonyy Donets'
Ukraine,Kharkivs'ka,Chervonyy Oskil
Ukraine,Kharkivs'ka,Chkalovs'ke
Ukraine,Kharkivs'ka,Chuhuyiv
Ukraine,Kharkivs'ka,Dergachi
Ukraine,Kharkivs'ka,Dvorichna
Ukraine,Kharkivs'ka,Eskhar
Ukraine,Kharkivs'ka,Huty
Ukraine,Kharkivs'ka,Izyum
Ukraine,Kharkivs'ka,Kehychivka
Ukraine,Kharkivs'ka,Kharkiv
Ukraine,Kharkivs'ka,Khorosheve
Ukraine,Kharkivs'ka,Kivsharivka
Ukraine,Kharkivs'ka,Kochetok
Ukraine,Kharkivs'ka,Kolomak
Ukraine,Kharkivs'ka,Komsomol's'ke
Ukraine,Kharkivs'ka,Komunist
Ukraine,Kharkivs'ka,Korobochkyne
Ukraine,Kharkivs'ka,Korotych
Ukraine,Kharkivs'ka,Kostyantynivka
Ukraine,Kharkivs'ka,Kov'yahy
Ukraine,Kharkivs'ka,Kozacha Lopan'
Ukraine,Kharkivs'ka,Krasnohrad
Ukraine,Kharkivs'ka,Krasnokuts'k
Ukraine,Kharkivs'ka,Krasnopavlivka
Ukraine,Kharkivs'ka,Kulynychi
Ukraine,Kharkivs'ka,Kup'yans'k
Ukraine,Kharkivs'ka,Kup'yans'k-Vuzlovyy
Ukraine,Kharkivs'ka,Kurylivka
Ukraine,Kharkivs'ka,Lozova
Ukraine,Kharkivs'ka,Lyman
Ukraine,Kharkivs'ka,Lyptsi
Ukraine,Kharkivs'ka,Lyubotyn
Ukraine,Kharkivs'ka,Mala Danylivka
Ukraine,Kharkivs'ka,Malynivka
Ukraine,Kharkivs'ka,Manchenky
Ukraine,Kharkivs'ka,Merefa
Ukraine,Kharkivs'ka,Natalyne
Ukraine,Kharkivs'ka,Nova Vodolaha
Ukraine,Kharkivs'ka,Novopokrovka
Ukraine,Kharkivs'ka,Oril'ka
Ukraine,Kharkivs'ka,Panyutyne
Ukraine,Kharkivs'ka,Parkhomivka
Ukraine,Kharkivs'ka,Pechenihy
Ukraine,Kharkivs'ka,Peresichna
Ukraine,Kharkivs'ka,Pervomays'kyy
Ukraine,Kharkivs'ka,Petrivs'ke
Ukraine,Kharkivs'ka,Pishchanka
Ukraine,Kharkivs'ka,Pisochyn
Ukraine,Kharkivs'ka,Pivdenne
Ukraine,Kharkivs'ka,Pokotylivka
Ukraine,Kharkivs'ka,Prudyanka
Ukraine,Kharkivs'ka,Prykolotne
Ukraine,Kharkivs'ka,Rohan'
Ukraine,Kharkivs'ka,Rus'ka Lozova
Ukraine,Kharkivs'ka,Sakhnovshchyna
Ukraine,Kharkivs'ka,Savyntsi
Ukraine,Kharkivs'ka,Sharivka
Ukraine,Kharkivs'ka,Shevchenkove
Ukraine,Kharkivs'ka,Slatyne
Ukraine,Kharkivs'ka,Solonytsivka
Ukraine,Kharkivs'ka,Starovirivka
Ukraine,Kharkivs'ka,Staryy Merchyk
Ukraine,Kharkivs'ka,Staryy Saltiv
Ukraine,Kharkivs'ka,Taranivka
Ukraine,Kharkivs'ka,Ternova
Ukraine,Kharkivs'ka,Utkivka
Ukraine,Kharkivs'ka,Valky
Ukraine,Kharkivs'ka,Vasyshcheve
Ukraine,Kharkivs'ka,Velykyy Burluk
Ukraine,Kharkivs'ka,Verbivka
Ukraine,Kharkivs'ka,Vil'cha
Ukraine,Kharkivs'ka,Vil'shany
Ukraine,Kharkivs'ka,Volchansk
Ukraine,Kharkivs'ka,Vvedenka
Ukraine,Kharkivs'ka,Vysokyy
Ukraine,Kharkivs'ka,Zachepylivka
Ukraine,Kharkivs'ka,Zid'ky
Ukraine,Kharkivs'ka,Zmiyiv
Ukraine,Kharkivs'ka,Zolochiv
Ukraine,Khersons'ka,Antonivka
Ukraine,Khersons'ka,Arkhanhel's'ke
Ukraine,Khersons'ka,Askaniya-Nova
Ukraine,Khersons'ka,Bekhtery
Ukraine,Khersons'ka,Beryslav
Ukraine,Khersons'ka,Bila Krynytsya
Ukraine,Khersons'ka,Bilozerka
Ukraine,Khersons'ka,Brylivka
Ukraine,Khersons'ka,Chaplynka
Ukraine,Khersons'ka,Chornobayivka
Ukraine,Khersons'ka,Chornyanka
Ukraine,Khersons'ka,Chulakivka
Ukraine,Khersons'ka,Dnipryany
Ukraine,Khersons'ka,Heniches'k
Ukraine,Khersons'ka,Hola Prystan'
Ukraine,Khersons'ka,Hornostayivka
Ukraine,Khersons'ka,Ivanivka
Ukraine,Khersons'ka,Kakhovka
Ukraine,Khersons'ka,Kalanchak
Ukraine,Khersons'ka,Kalinins'ke
Ukraine,Khersons'ka,Kar'yerne
Ukraine,Khersons'ka,Kayiry
Ukraine,Khersons'ka,Kherson
Ukraine,Khersons'ka,Komyshany
Ukraine,Khersons'ka,Kozachi Laheri
Ukraine,Khersons'ka,Kozats'ke
Ukraine,Khersons'ka,Krasne
Ukraine,Khersons'ka,Lazurne
Ukraine,Khersons'ka,Lyubymivka
Ukraine,Khersons'ka,Malokakhovka
Ukraine,Khersons'ka,Myrne
Ukraine,Khersons'ka,Naddnipryans'ke
Ukraine,Khersons'ka,Nova Kakhovka
Ukraine,Khersons'ka,Nova Mayachka
Ukraine,Khersons'ka,Nova Zbur'yivka
Ukraine,Khersons'ka,Novomykolayivka
Ukraine,Khersons'ka,Novooleksiyivka
Ukraine,Khersons'ka,Novotroyits'ke
Ukraine,Khersons'ka,Novovorontsovka
Ukraine,Khersons'ka,Nyzhni Sirohozy
Ukraine,Khersons'ka,Partyzany
Ukraine,Khersons'ka,Radens'k
Ukraine,Khersons'ka,Rubanivka
Ukraine,Khersons'ka,Skadovs'k
Ukraine,Khersons'ka,Stanislav
Ukraine,Khersons'ka,Syvas'ke
Ukraine,Khersons'ka,Tavriys'k
Ukraine,Khersons'ka,Tsyurupyns'k
Ukraine,Khersons'ka,Velyka Lepetykha
Ukraine,Khersons'ka,Velyka Oleksandrivka
Ukraine,Khersons'ka,Velyki Kopani
Ukraine,Khersons'ka,Verkhniy Rohachyk
Ukraine,Khersons'ka,Vynohradove
Ukraine,Khersons'ka,Vysokopillya
Ukraine,Khersons'ka,Zelenivka
Ukraine,Khmel'nyts'ka,Antoniny
Ukraine,Khmel'nyts'ka,Bazaliya
Ukraine,Khmel'nyts'ka,Bilohir'ya
Ukraine,Khmel'nyts'ka,Chemerivtsi
Ukraine,Khmel'nyts'ka,Chornyy Ostriv
Ukraine,Khmel'nyts'ka,Derazhnya
Ukraine,Khmel'nyts'ka,Dovzhok
Ukraine,Khmel'nyts'ka,Dunayivtsi
Ukraine,Khmel'nyts'ka,Horodok
Ukraine,Khmel'nyts'ka,Hrytsiv
Ukraine,Khmel'nyts'ka,Izyaslav
Ukraine,Khmel'nyts'ka,Kam'yanets'-Podil's'kyy
Ukraine,Khmel'nyts'ka,Khmel'nyts'kyy
Ukraine,Khmel'nyts'ka,Krasyliv
Ukraine,Khmel'nyts'ka,Letychiv
Ukraine,Khmel'nyts'ka,Lozove
Ukraine,Khmel'nyts'ka,Makiv
Ukraine,Khmel'nyts'ka,Medzhybizh
Ukraine,Khmel'nyts'ka,Narkevychi
Ukraine,Khmel'nyts'ka,Netishyn
Ukraine,Khmel'nyts'ka,Nova Ushytsya
Ukraine,Khmel'nyts'ka,Novoselytsya
Ukraine,Khmel'nyts'ka,Pluzhne
Ukraine,Khmel'nyts'ka,Polonne
Ukraine,Khmel'nyts'ka,Poninka
Ukraine,Khmel'nyts'ka,Sataniv
Ukraine,Khmel'nyts'ka,Shepetivka
Ukraine,Khmel'nyts'ka,Slavuta
Ukraine,Khmel'nyts'ka,Smotrych
Ukraine,Khmel'nyts'ka,Stara Synyava
Ukraine,Khmel'nyts'ka,Stara Ushytsya
Ukraine,Khmel'nyts'ka,Starokostyantyniv
Ukraine,Khmel'nyts'ka,Sudylkiv
Ukraine,Khmel'nyts'ka,Teofipol'
Ukraine,Khmel'nyts'ka,Vin'kivtsi
Ukraine,Khmel'nyts'ka,Viytivtsi
Ukraine,Khmel'nyts'ka,Volochys'k
Ukraine,Khmel'nyts'ka,Vovkovyntsi
Ukraine,Khmel'nyts'ka,Yampil'
Ukraine,Khmel'nyts'ka,Yarmolyntsi
Ukraine,Khmel'nyts'ka,Zakupne
Ukraine,Kirovohrads'ka,Adzhamka
Ukraine,Kirovohrads'ka,Aleksandriya
Ukraine,Kirovohrads'ka,Balakhivka
Ukraine,Kirovohrads'ka,Bobrynets'
Ukraine,Kirovohrads'ka,Bohdanivka
Ukraine,Kirovohrads'ka,Dmytrivka
Ukraine,Kirovohrads'ka,Dobryanka
Ukraine,Kirovohrads'ka,Dolyns'ka
Ukraine,Kirovohrads'ka,Dymytrove
Ukraine,Kirovohrads'ka,Hayvoron
Ukraine,Kirovohrads'ka,Holovanivs'k
Ukraine,Kirovohrads'ka,Kapitanivka
Ukraine,Kirovohrads'ka,Kirovohrad
Ukraine,Kirovohrads'ka,Kompaniyivka
Ukraine,Kirovohrads'ka,Lypnyazhka
Ukraine,Kirovohrads'ka,Mala Vyska
Ukraine,Kirovohrads'ka,Molodizhne
Ukraine,Kirovohrads'ka,Nova Praha
Ukraine,Kirovohrads'ka,Nove
Ukraine,Kirovohrads'ka,Novhorodka
Ukraine,Kirovohrads'ka,Novoarkhanhel's'k
Ukraine,Kirovohrads'ka,Novomyrhorod
Ukraine,Kirovohrads'ka,Novoukrayinka
Ukraine,Kirovohrads'ka,Novyy Starodub
Ukraine,Kirovohrads'ka,Oleksandrivka
Ukraine,Kirovohrads'ka,Onufriyivka
Ukraine,Kirovohrads'ka,Pantayivka
Ukraine,Kirovohrads'ka,Pavlysh
Ukraine,Kirovohrads'ka,Perehonivka
Ukraine,Kirovohrads'ka,Petrove
Ukraine,Kirovohrads'ka,Pobuz'ke
Ukraine,Kirovohrads'ka,Pomichna
Ukraine,Kirovohrads'ka,Pryyutivka
Ukraine,Kirovohrads'ka,Rivne
Ukraine,Kirovohrads'ka,Sal'kove
Ukraine,Kirovohrads'ka,Smoline
Ukraine,Kirovohrads'ka,Subottsi
Ukraine,Kirovohrads'ka,Svitlovods'k
Ukraine,Kirovohrads'ka,Tyshkivka
Ukraine,Kirovohrads'ka,Ul'yanovka
Ukraine,Kirovohrads'ka,Ustynivka
Ukraine,Kirovohrads'ka,Vil'shanka
Ukraine,Kirovohrads'ka,Vlasivka
Ukraine,Kirovohrads'ka,Yelyzavethradka
Ukraine,Kirovohrads'ka,Zavallya
Ukraine,Kirovohrads'ka,Zlynka
Ukraine,Kirovohrads'ka,Znam'yanka
Ukraine,Kirovohrads'ka,Znam'yanka Druha
Ukraine,Krym,Aeroflots'ke
Ukraine,Krym,Ahrarne
Ukraine,Krym,Alupka
Ukraine,Krym,Alushta
Ukraine,Krym,Armyans'k
Ukraine,Krym,Azovs'ke
Ukraine,Krym,Baherove
Ukraine,Krym,Bakhchysaray
Ukraine,Krym,Berehove
Ukraine,Krym,Bilohirs'k
Ukraine,Krym,Chornomors'ke
Ukraine,Krym,Chysten'ke
Ukraine,Krym,Dobroye
Ukraine,Krym,Dzhankoy
Ukraine,Krym,Feodosiya
Ukraine,Krym,Frunze
Ukraine,Krym,Haspra
Ukraine,Krym,Holuba Zatoka
Ukraine,Krym,Hresivs'ke
Ukraine,Krym,Hurzuf
Ukraine,Krym,Hvardiys'ke
Ukraine,Krym,Ishun'
Ukraine,Krym,Kerch
Ukraine,Krym,Kirovs'ke
Ukraine,Krym,Koktebel'
Ukraine,Krym,Kol'chuhyne
Ukraine,Krym,Komsomol's'ke
Ukraine,Krym,Koreyiz
Ukraine,Krym,Krasnohvardiys'ke
Ukraine,Krym,Krasnokam'yanka
Ukraine,Krym,Krasnoperekops'k
Ukraine,Krym,Kurortne
Ukraine,Krym,Kurpaty
Ukraine,Krym,Kuybysheve
Ukraine,Krym,Lenine
Ukraine,Krym,Livadiya
Ukraine,Krym,Masandra
Ukraine,Krym,Molodizhne
Ukraine,Krym,Mykhaylivka
Ukraine,Krym,Mykolayivka
Ukraine,Krym,Myrne
Ukraine,Krym,Nauchne
Ukraine,Krym,Nikita
Ukraine,Krym,Novofedorivs'kyy
Ukraine,Krym,Novoozerne
Ukraine,Krym,Novoselivs'ke
Ukraine,Krym,Novyy Svit
Ukraine,Krym,Nyzhn'ohirs'kyy
Ukraine,Krym,Oktyabrs'ke
Ukraine,Krym,Ordzhonikidze
Ukraine,Krym,Oreanda
Ukraine,Krym,Orikhove
Ukraine,Krym,Parkove
Ukraine,Krym,Partenit
Ukraine,Krym,Pereval'ne
Ukraine,Krym,Perove
Ukraine,Krym,Pervomays'ke
Ukraine,Krym,Pervomayskoye
Ukraine,Krym,Petrivka
Ukraine,Krym,Pioners'ke
Ukraine,Krym,Pobyedne
Ukraine,Krym,Ponyzivka
Ukraine,Krym,Poshtove
Ukraine,Krym,Prymors'kyy
Ukraine,Krym,Pryozerne
Ukraine,Krym,Pryvitne
Ukraine,Krym,Razdolnoye
Ukraine,Krym,Rodnykove
Ukraine,Krym,Sadove
Ukraine,Krym,Saky
Ukraine,Krym,Shchebetovka
Ukraine,Krym,Shcholkine
Ukraine,Krym,Simferopol'
Ukraine,Krym,Sofiyivka
Ukraine,Krym,Sovyets'kyy
Ukraine,Krym,Staryy Krym
Ukraine,Krym,Strohonivka
Ukraine,Krym,Sudak
Ukraine,Krym,Uhlove
Ukraine,Krym,Ukromne
Ukraine,Krym,Urozhayne
Ukraine,Krym,Uyutne
Ukraine,Krym,Vidradne
Ukraine,Krym,Vil'ne
Ukraine,Krym,Viline
Ukraine,Krym,Vladyslavivka
Ukraine,Krym,Voskhod
Ukraine,Krym,Voyinka
Ukraine,Krym,Voykove
Ukraine,Krym,Vynohradne
Ukraine,Krym,Yalta
Ukraine,Krym,Yarke Pole
Ukraine,Krym,Yevpatoriya
Ukraine,Krym,Zaozerne
Ukraine,Krym,Zhelyabovka
Ukraine,Krym,Zhuravky
Ukraine,Krym,Zolote Pole
Ukraine,Krym,Zuya
Ukraine,Kyyiv,Kiev
Ukraine,Kyyivs'ka,Babyntsi
Ukraine,Kyyivs'ka,Baryshivka
Ukraine,Kyyivs'ka,Berezan'
Ukraine,Kyyivs'ka,Bila Tserkva
Ukraine,Kyyivs'ka,Bilohorodka
Ukraine,Kyyivs'ka,Bohdanivka
Ukraine,Kyyivs'ka,Bohuslav
Ukraine,Kyyivs'ka,Borodyanka
Ukraine,Kyyivs'ka,Borova
Ukraine,Kyyivs'ka,Boryspil'
Ukraine,Kyyivs'ka,Boyarka
Ukraine,Kyyivs'ka,Brovary
Ukraine,Kyyivs'ka,Bucha
Ukraine,Kyyivs'ka,Chabany
Ukraine,Kyyivs'ka,Chervona Motovylivka
Ukraine,Kyyivs'ka,Chornobyl'
Ukraine,Kyyivs'ka,Danylivka
Ukraine,Kyyivs'ka,Demydiv
Ukraine,Kyyivs'ka,Doslidnyts'ke
Ukraine,Kyyivs'ka,Dymer
Ukraine,Kyyivs'ka,Fastiv
Ukraine,Kyyivs'ka,Fursy
Ukraine,Kyyivs'ka,Hatne
Ukraine,Kyyivs'ka,Havrylivka
Ukraine,Kyyivs'ka,Hlevakha
Ukraine,Kyyivs'ka,Hoholiv
Ukraine,Kyyivs'ka,Hora
Ukraine,Kyyivs'ka,Horenka
Ukraine,Kyyivs'ka,Hostomel'
Ukraine,Kyyivs'ka,Hrebinky
Ukraine,Kyyivs'ka,Irpin'
Ukraine,Kyyivs'ka,Ivankiv
Ukraine,Kyyivs'ka,Kaharlyk
Ukraine,Kyyivs'ka,Kalynivka
Ukraine,Kyyivs'ka,Kalyta
Ukraine,Kyyivs'ka,Karapyshi
Ukraine,Kyyivs'ka,Kashperivka
Ukraine,Kyyivs'ka,Katyuzhanka
Ukraine,Kyyivs'ka,Khotiv
Ukraine,Kyyivs'ka,Klavdiyevo-Tarasove
Ukraine,Kyyivs'ka,Knyazhychi
Ukraine,Kyyivs'ka,Kodra
Ukraine,Kyyivs'ka,Kotsyubyns'ke
Ukraine,Kyyivs'ka,Kozhanka
Ukraine,Kyyivs'ka,Kozyn
Ukraine,Kyyivs'ka,Krasylivka
Ukraine,Kyyivs'ka,Kryukivshchyna
Ukraine,Kyyivs'ka,Makariv
Ukraine,Kyyivs'ka,Medvyn
Ukraine,Kyyivs'ka,Mykhaylivka-Rubezhivka
Ukraine,Kyyivs'ka,Myronivka
Ukraine,Kyyivs'ka,Nemishayeve
Ukraine,Kyyivs'ka,Novi Petrivtsi
Ukraine,Kyyivs'ka,Novosilky
Ukraine,Kyyivs'ka,Obukhiv
Ukraine,Kyyivs'ka,Pereyaslav-Khmel'nyts'kyy
Ukraine,Kyyivs'ka,Petropavlivs'ka Borshchahivka
Ukraine,Kyyivs'ka,Piskivka
Ukraine,Kyyivs'ka,Plesets'ke
Ukraine,Kyyivs'ka,Pryp'yat'
Ukraine,Kyyivs'ka,Rakitnoye
Ukraine,Kyyivs'ka,Rozkishna
Ukraine,Kyyivs'ka,Rzhyshchiv
Ukraine,Kyyivs'ka,Semypolky
Ukraine,Kyyivs'ka,Shchaslyve
Ukraine,Kyyivs'ka,Shevchenkove
Ukraine,Kyyivs'ka,Skvyra
Ukraine,Kyyivs'ka,Slavutych
Ukraine,Kyyivs'ka,Sofiyivs'ka Borshchahivka
Ukraine,Kyyivs'ka,Stavyshche
Ukraine,Kyyivs'ka,Synyava
Ukraine,Kyyivs'ka,Tarashcha
Ukraine,Kyyivs'ka,Tarasivka
Ukraine,Kyyivs'ka,Terezyne
Ukraine,Kyyivs'ka,Tetiyiv
Ukraine,Kyyivs'ka,Trebukhiv
Ukraine,Kyyivs'ka,Trypillya
Ukraine,Kyyivs'ka,Tsybli
Ukraine,Kyyivs'ka,Ukrayinka
Ukraine,Kyyivs'ka,Uzyn
Ukraine,Kyyivs'ka,Vasyl'kiv
Ukraine,Kyyivs'ka,Velyka Dymerka
Ukraine,Kyyivs'ka,Volodarka
Ukraine,Kyyivs'ka,Voron'kiv
Ukraine,Kyyivs'ka,Vorzel'
Ukraine,Kyyivs'ka,Vyshhorod
Ukraine,Kyyivs'ka,Vyshneve
Ukraine,Kyyivs'ka,Yahotyn
Ukraine,Kyyivs'ka,Zhurivka
Ukraine,L'vivs'ka,Belz
Ukraine,L'vivs'ka,Bibrka
Ukraine,L'vivs'ka,Borynya
Ukraine,L'vivs'ka,Boryslav
Ukraine,L'vivs'ka,Brody
Ukraine,L'vivs'ka,Bryukhovychi
Ukraine,L'vivs'ka,Bus'k
Ukraine,L'vivs'ka,Chervonohrad
Ukraine,L'vivs'ka,Dashava
Ukraine,L'vivs'ka,Davydiv
Ukraine,L'vivs'ka,Dobrohostiv
Ukraine,L'vivs'ka,Dobromyl'
Ukraine,L'vivs'ka,Dobrotvir
Ukraine,L'vivs'ka,Drohobych
Ukraine,L'vivs'ka,Dublyany
Ukraine,L'vivs'ka,Duliby
Ukraine,L'vivs'ka,Hirnyk
Ukraine,L'vivs'ka,Hirs'ke
Ukraine,L'vivs'ka,Hlynyany
Ukraine,L'vivs'ka,Hnizdychiv
Ukraine,L'vivs'ka,Horodok
Ukraine,L'vivs'ka,Ivano-Frankove
Ukraine,L'vivs'ka,Kam'yanka-Buz'ka
Ukraine,L'vivs'ka,Khodoriv
Ukraine,L'vivs'ka,Khyriv
Ukraine,L'vivs'ka,Komarno
Ukraine,L'vivs'ka,Krakovets'
Ukraine,L'vivs'ka,Krasne
Ukraine,L'vivs'ka,Kulykiv
Ukraine,L'vivs'ka,L'viv
Ukraine,L'vivs'ka,Lopatyn
Ukraine,L'vivs'ka,Maheriv
Ukraine,L'vivs'ka,Medenychi
Ukraine,L'vivs'ka,Morshyn
Ukraine,L'vivs'ka,Mostys'ka
Ukraine,L'vivs'ka,Murovane
Ukraine,L'vivs'ka,Mykolayiv
Ukraine,L'vivs'ka,Nemyriv
Ukraine,L'vivs'ka,Novi Strilyshcha
Ukraine,L'vivs'ka,Novoyavorivs'k
Ukraine,L'vivs'ka,Novyy Kalyniv
Ukraine,L'vivs'ka,Novyy Rozdil
Ukraine,L'vivs'ka,Novyy Yarychiv
Ukraine,L'vivs'ka,Nyzhankovychi
Ukraine,L'vivs'ka,Obroshyne
Ukraine,L'vivs'ka,Oles'ko
Ukraine,L'vivs'ka,Pavliv
Ukraine,L'vivs'ka,Peremyshlyany
Ukraine,L'vivs'ka,Pidbuzh
Ukraine,L'vivs'ka,Pidkamin'
Ukraine,L'vivs'ka,Pomoryany
Ukraine,L'vivs'ka,Pustomyty
Ukraine,L'vivs'ka,Radekhiv
Ukraine,L'vivs'ka,Ralivka
Ukraine,L'vivs'ka,Rava-Rus'ka
Ukraine,L'vivs'ka,Rozdil
Ukraine,L'vivs'ka,Rozvadiv
Ukraine,L'vivs'ka,Rudky
Ukraine,L'vivs'ka,Rudno
Ukraine,L'vivs'ka,Rudnyky
Ukraine,L'vivs'ka,Rykhtychi
Ukraine,L'vivs'ka,Sambir
Ukraine,L'vivs'ka,Shchyrets'
Ukraine,L'vivs'ka,Shklo
Ukraine,L'vivs'ka,Silets'
Ukraine,L'vivs'ka,Skhidnytsya
Ukraine,L'vivs'ka,Skole
Ukraine,L'vivs'ka,Slavs'ko
Ukraine,L'vivs'ka,Sokal'
Ukraine,L'vivs'ka,Sokil'nyky
Ukraine,L'vivs'ka,Solonka
Ukraine,L'vivs'ka,Sosnivka
Ukraine,L'vivs'ka,Stara Sil'
Ukraine,L'vivs'ka,Starychi
Ukraine,L'vivs'ka,Staryy Sambir
Ukraine,L'vivs'ka,Stebnyk
Ukraine,L'vivs'ka,Stryy
Ukraine,L'vivs'ka,Sudova Vyshnya
Ukraine,L'vivs'ka,Sukhovolya
Ukraine,L'vivs'ka,Truskavets'
Ukraine,L'vivs'ka,Turka
Ukraine,L'vivs'ka,Uhniv
Ukraine,L'vivs'ka,Ulychne
Ukraine,L'vivs'ka,Velyki Mosty
Ukraine,L'vivs'ka,Velykyy Lyubin'
Ukraine,L'vivs'ka,Verkhnye Syn'ovydne
Ukraine,L'vivs'ka,Voronyaky
Ukraine,L'vivs'ka,Vynnyky
Ukraine,L'vivs'ka,Yavoriv
Ukraine,L'vivs'ka,Zapytiv
Ukraine,L'vivs'ka,Zhovkva
Ukraine,L'vivs'ka,Zhovtantsi
Ukraine,L'vivs'ka,Zhuravne
Ukraine,L'vivs'ka,Zhvyrka
Ukraine,L'vivs'ka,Zhydachiv
Ukraine,L'vivs'ka,Zolochiv
Ukraine,L'vivs'ka,Zymna Voda
Ukraine,Luhans'ka,Alchevs'k
Ukraine,Luhans'ka,Almazna
Ukraine,Luhans'ka,Antratsyt
Ukraine,Luhans'ka,Artemivs'k
Ukraine,Luhans'ka,Bayrachky
Ukraine,Luhans'ka,Beloye
Ukraine,Luhans'ka,Bilohorivka
Ukraine,Luhans'ka,Bilokurakyne
Ukraine,Luhans'ka,Biloluts'k
Ukraine,Luhans'ka,Bilorichens'kyy
Ukraine,Luhans'ka,Bilovods'k
Ukraine,Luhans'ka,Biryukove
Ukraine,Luhans'ka,Bokove-Platove
Ukraine,Luhans'ka,Borivs'ke
Ukraine,Luhans'ka,Bryanka
Ukraine,Luhans'ka,Buhayivka
Ukraine,Luhans'ka,Chelyuskinets'
Ukraine,Luhans'ka,Chernukhyne
Ukraine,Luhans'ka,Chervona Polyana
Ukraine,Luhans'ka,Chervonohvardiys'ke
Ukraine,Luhans'ka,Chervonopartyzans'k
Ukraine,Luhans'ka,Chmyrivka
Ukraine,Luhans'ka,Donets'kyy
Ukraine,Luhans'ka,Dubivs'kyy
Ukraine,Luhans'ka,Dzerzhyns'kyy
Ukraine,Luhans'ka,Enhel'sove
Ukraine,Luhans'ka,Fashchivka
Ukraine,Luhans'ka,Fedorivka
Ukraine,Luhans'ka,Frunze
Ukraine,Luhans'ka,Hannivka
Ukraine,Luhans'ka,Heorhiyivka
Ukraine,Luhans'ka,Hirne
Ukraine,Luhans'ka,Hirnyk
Ukraine,Luhans'ka,Hirs'ke
Ukraine,Luhans'ka,Hlybokyy
Ukraine,Luhans'ka,Horodyshche
Ukraine,Luhans'ka,Hrushove
Ukraine,Luhans'ka,Ivanivka
Ukraine,Luhans'ka,Izvaryne
Ukraine,Luhans'ka,Kalinins'kyy
Ukraine,Luhans'ka,Kalynove
Ukraine,Luhans'ka,Kam'yane
Ukraine,Luhans'ka,Khrustal'ne
Ukraine,Luhans'ka,Kirovs'k
Ukraine,Luhans'ka,Klenovyy
Ukraine,Luhans'ka,Knyahynivka
Ukraine,Luhans'ka,Komisarivka
Ukraine,Luhans'ka,Komsomol's'kyy
Ukraine,Luhans'ka,Komyshuvakha
Ukraine,Luhans'ka,Krasnodars'kyy
Ukraine,Luhans'ka,Krasnodon
Ukraine,Luhans'ka,Krasnorichens'ke
Ukraine,Luhans'ka,Krasnyy Kut
Ukraine,Luhans'ka,Krasnyy Luch
Ukraine,Luhans'ka,Kreminna
Ukraine,Luhans'ka,Kripens'kyy
Ukraine,Luhans'ka,Lenina
Ukraine,Luhans'ka,Lenins'ke
Ukraine,Luhans'ka,Lomuvatka
Ukraine,Luhans'ka,Lotykove
Ukraine,Luhans'ka,Lozivs'kyy
Ukraine,Luhans'ka,Lozno-Oleksandrivka
Ukraine,Luhans'ka,Luhans'k
Ukraine,Luhans'ka,Lutuhyne
Ukraine,Luhans'ka,Lysychans'k
Ukraine,Luhans'ka,Malomykolayivka
Ukraine,Luhans'ka,Maloryazantseve
Ukraine,Luhans'ka,Markivka
Ukraine,Luhans'ka,Met'olkine
Ukraine,Luhans'ka,Milove
Ukraine,Luhans'ka,Miusyns'k
Ukraine,Luhans'ka,Molodohvardiys'k
Ukraine,Luhans'ka,Mykhaylivka
Ukraine,Luhans'ka,Myrna Dolyna
Ukraine,Luhans'ka,Myrne
Ukraine,Luhans'ka,Nahol'no-Tarasivka
Ukraine,Luhans'ka,Novoaydar
Ukraine,Luhans'ka,Novodar'yivka
Ukraine,Luhans'ka,Novodruzhes'k
Ukraine,Luhans'ka,Novooleksandrivka
Ukraine,Luhans'ka,Novopskov
Ukraine,Luhans'ka,Novosvitlivka
Ukraine,Luhans'ka,Novotoshkivs'ke
Ukraine,Luhans'ka,Nyzhniy Nahol'chyk
Ukraine,Luhans'ka,Nyzhnya Duvanka
Ukraine,Luhans'ka,Nyzhnye
Ukraine,Luhans'ka,Oleksandrivs'k
Ukraine,Luhans'ka,Pavlivka
Ukraine,Luhans'ka,Pereval's'k
Ukraine,Luhans'ka,Pervomaysk
Ukraine,Luhans'ka,Petrivka
Ukraine,Luhans'ka,Petrivs'ke
Ukraine,Luhans'ka,Pidhorivka
Ukraine,Luhans'ka,Popasna
Ukraine,Luhans'ka,Proletars'kyy
Ukraine,Luhans'ka,Pryvillya
Ukraine,Luhans'ka,Rodakove
Ukraine,Luhans'ka,Roven'ky
Ukraine,Luhans'ka,Rozkishne
Ukraine,Luhans'ka,Rubizhne
Ukraine,Luhans'ka,Sadovo-Khrustal'nens'kyy
Ukraine,Luhans'ka,Seleznivka
Ukraine,Luhans'ka,Shakhtars'ke
Ukraine,Luhans'ka,Shchastya
Ukraine,Luhans'ka,Shchotove
Ukraine,Luhans'ka,Shterivka
Ukraine,Luhans'ka,Simeykyne
Ukraine,Luhans'ka,Slov'yanoserbs'k
Ukraine,Luhans'ka,Sofiyivs'kyy
Ukraine,Luhans'ka,Stakhanov
Ukraine,Luhans'ka,Stanychno-Luhans'ke
Ukraine,Luhans'ka,Starobil'sk
Ukraine,Luhans'ka,Sukhodil's'k
Ukraine,Luhans'ka,Svatove
Ukraine,Luhans'ka,Sverdlovs'k
Ukraine,Luhans'ka,Syevernyy
Ukraine,Luhans'ka,Syevero-Hundorivs'kyy
Ukraine,Luhans'ka,Syeverodonets'k
Ukraine,Luhans'ka,Syrotyne
Ukraine,Luhans'ka,Talove
Ukraine,Luhans'ka,Tatsyne
Ukraine,Luhans'ka,Teplohirs'k
Ukraine,Luhans'ka,Toshkivka
Ukraine,Luhans'ka,Troits'ke
Ukraine,Luhans'ka,Tsentral'nyy
Ukraine,Luhans'ka,Uralo-Kavkaz
Ukraine,Luhans'ka,Uspenka
Ukraine,Luhans'ka,Vakhrusheve
Ukraine,Luhans'ka,Valuys'ke
Ukraine,Luhans'ka,Velykokam'yanka
Ukraine,Luhans'ka,Velykyy Loh
Ukraine,Luhans'ka,Verhulivka
Ukraine,Luhans'ka,Verkhniy Nahol'chyk
Ukraine,Luhans'ka,Vil'khove
Ukraine,Luhans'ka,Volodars'k
Ukraine,Luhans'ka,Voronove
Ukraine,Luhans'ka,Vovchoyarivka
Ukraine,Luhans'ka,Vrubivka
Ukraine,Luhans'ka,Vrubivs'kyy
Ukraine,Luhans'ka,Yasenivs'kyy
Ukraine,Luhans'ka,Yashchykove
Ukraine,Luhans'ka,Yesaulivka
Ukraine,Luhans'ka,Yur'yivka
Ukraine,Luhans'ka,Yuvileyne
Ukraine,Luhans'ka,Yuzhna-Lomuvatka
Ukraine,Luhans'ka,Zaporizhzhya
Ukraine,Luhans'ka,Zolote
Ukraine,Luhans'ka,Zoryns'k
Ukraine,Luhans'ka,Zymohir'ya
Ukraine,Mykolayivs'ka,Arbuzynka
Ukraine,Mykolayivs'ka,Bashtanka
Ukraine,Mykolayivs'ka,Berezanka
Ukraine,Mykolayivs'ka,Bereznehuvate
Ukraine,Mykolayivs'ka,Brats'ke
Ukraine,Mykolayivs'ka,Domanivka
Ukraine,Mykolayivs'ka,Kalynivka
Ukraine,Mykolayivs'ka,Kazanka
Ukraine,Mykolayivs'ka,Kinets'pil'
Ukraine,Mykolayivs'ka,Kostyantynivka
Ukraine,Mykolayivs'ka,Kryve Ozero
Ukraine,Mykolayivs'ka,Kudryavtsivka
Ukraine,Mykolayivs'ka,Lysa Hora
Ukraine,Mykolayivs'ka,Mishkovo-Pohorilove
Ukraine,Mykolayivs'ka,Mykolayiv
Ukraine,Mykolayivs'ka,Nova Odesa
Ukraine,Mykolayivs'ka,Novyy Buh
Ukraine,Mykolayivs'ka,Ochakiv
Ukraine,Mykolayivs'ka,Ol'shans'ke
Ukraine,Mykolayivs'ka,Oleksandrivka
Ukraine,Mykolayivs'ka,Peresadivka
Ukraine,Mykolayivs'ka,Pervomays'ke
Ukraine,Mykolayivs'ka,Pervomaysk
Ukraine,Mykolayivs'ka,Pidhorodna
Ukraine,Mykolayivs'ka,Shevchenkove
Ukraine,Mykolayivs'ka,Snihurivka
Ukraine,Mykolayivs'ka,Veselynove
Ukraine,Mykolayivs'ka,Voskresens'ke
Ukraine,Mykolayivs'ka,Voznesens'k
Ukraine,Mykolayivs'ka,Vradiyivka
Ukraine,Mykolayivs'ka,Yelanets'
Ukraine,Mykolayivs'ka,Yuzhnoukrayins'k
Ukraine,Odes'ka,Anan'yiv
Ukraine,Odes'ka,Artsyz
Ukraine,Odes'ka,Avanhard
Ukraine,Odes'ka,Bahate
Ukraine,Odes'ka,Balta
Ukraine,Odes'ka,Berezyne
Ukraine,Odes'ka,Beryozovka
Ukraine,Odes'ka,Bilhorod-Dnistrovs'kyy
Ukraine,Odes'ka,Bilyayivka
Ukraine,Odes'ka,Bolhrad
Ukraine,Odes'ka,Borodino
Ukraine,Odes'ka,Broska
Ukraine,Odes'ka,Chervonoarmiys'ke
Ukraine,Odes'ka,Chervonoznam'yanka
Ukraine,Odes'ka,Chornomors'ke
Ukraine,Odes'ka,Dachne
Ukraine,Odes'ka,Dmytrivka
Ukraine,Odes'ka,Dolyns'ke
Ukraine,Odes'ka,Fontanka
Ukraine,Odes'ka,Frunzivka
Ukraine,Odes'ka,Horodnye
Ukraine,Odes'ka,Hradenytsi
Ukraine,Odes'ka,Illichivs'k
Ukraine,Odes'ka,Ivanivka
Ukraine,Odes'ka,Izmayil
Ukraine,Odes'ka,Kalcheva
Ukraine,Odes'ka,Kam'yanka
Ukraine,Odes'ka,Khlibodars'ke
Ukraine,Odes'ka,Kiliya
Ukraine,Odes'ka,Kodyma
Ukraine,Odes'ka,Kominternivs'ke
Ukraine,Odes'ka,Komyshivka
Ukraine,Odes'ka,Kotovs'k
Ukraine,Odes'ka,Krasni Okny
Ukraine,Odes'ka,Krasnosilka
Ukraine,Odes'ka,Krynychne
Ukraine,Odes'ka,Kryzhanivka
Ukraine,Odes'ka,Kuchurhan
Ukraine,Odes'ka,Kulevcha
Ukraine,Odes'ka,Lymans'ke
Ukraine,Odes'ka,Lypets'ke
Ukraine,Odes'ka,Lyubashivka
Ukraine,Odes'ka,Mayaky
Ukraine,Odes'ka,Mykolayivka
Ukraine,Odes'ka,Nerubays'ke
Ukraine,Odes'ka,Novi Bilyari
Ukraine,Odes'ka,Novi Troyany
Ukraine,Odes'ka,Novoselivka
Ukraine,Odes'ka,Novosil's'ke
Ukraine,Odes'ka,Odesa
Ukraine,Odes'ka,Oleksandrivka
Ukraine,Odes'ka,Orlivka
Ukraine,Odes'ka,Ovidiopol'
Ukraine,Odes'ka,Ozerne
Ukraine,Odes'ka,Pershotravneve
Ukraine,Odes'ka,Petrivka
Ukraine,Odes'ka,Petrodolyns'ke
Ukraine,Odes'ka,Pishchana
Ukraine,Odes'ka,Plakhtiyivka
Ukraine,Odes'ka,Prylymans'ke
Ukraine,Odes'ka,Radisne
Ukraine,Odes'ka,Raukhivka
Ukraine,Odes'ka,Reni
Ukraine,Odes'ka,Rozdil'na
Ukraine,Odes'ka,Sarata
Ukraine,Odes'ka,Savran'
Ukraine,Odes'ka,Serhiyivka
Ukraine,Odes'ka,Serpneve
Ukraine,Odes'ka,Shabo
Ukraine,Odes'ka,Shevchenkove
Ukraine,Odes'ka,Shyryayeve
Ukraine,Odes'ka,Slobidka
Ukraine,Odes'ka,Stara Nekrasivka
Ukraine,Odes'ka,Starokozache
Ukraine,Odes'ka,Suvorove
Ukraine,Odes'ka,Tarutyne
Ukraine,Odes'ka,Tatarbunary
Ukraine,Odes'ka,Tayirove
Ukraine,Odes'ka,Teplodar
Ukraine,Odes'ka,Troyits'ke
Ukraine,Odes'ka,Tsebrykove
Ukraine,Odes'ka,Usatove
Ukraine,Odes'ka,Utkonosivka
Ukraine,Odes'ka,Vasylivka
Ukraine,Odes'ka,Velyka Mykhaylivka
Ukraine,Odes'ka,Velykodolyns'ke
Ukraine,Odes'ka,Velykoploske
Ukraine,Odes'ka,Velykyy Dal'nyk
Ukraine,Odes'ka,Vyhoda
Ukraine,Odes'ka,Vylkove
Ukraine,Odes'ka,Vynohradivka
Ukraine,Odes'ka,Vypasne
Ukraine,Odes'ka,Yas'ky
Ukraine,Odes'ka,Yuzhne
Ukraine,Odes'ka,Zahnitkiv
Ukraine,Odes'ka,Zaliznychne
Ukraine,Odes'ka,Zatoka
Ukraine,Odes'ka,Zatyshshya
Ukraine,Odes'ka,Zelenohirs'ke
Ukraine,Odes'ka,Zorya
Ukraine,Poltavs'ka,Artemivka
Ukraine,Poltavs'ka,Bilyky
Ukraine,Poltavs'ka,Chervonozavods'ke
Ukraine,Poltavs'ka,Chornukhy
Ukraine,Poltavs'ka,Chutove
Ukraine,Poltavs'ka,Dykan'ka
Ukraine,Poltavs'ka,Hadyach
Ukraine,Poltavs'ka,Hlobyne
Ukraine,Poltavs'ka,Hoholeve
Ukraine,Poltavs'ka,Hradyz'k
Ukraine,Poltavs'ka,Hrebinka
Ukraine,Poltavs'ka,Kam'yani Potoky
Ukraine,Poltavs'ka,Karlivka
Ukraine,Poltavs'ka,Khorol
Ukraine,Poltavs'ka,Kobelyaky
Ukraine,Poltavs'ka,Komsomol's'k
Ukraine,Poltavs'ka,Komyshnya
Ukraine,Poltavs'ka,Kotel'va
Ukraine,Poltavs'ka,Kozel'shchyna
Ukraine,Poltavs'ka,Kremenchuk
Ukraine,Poltavs'ka,Lokhvytsya
Ukraine,Poltavs'ka,Lubny
Ukraine,Poltavs'ka,Lyuten'ka
Ukraine,Poltavs'ka,Machukhy
Ukraine,Poltavs'ka,Mashivka
Ukraine,Poltavs'ka,Myrhorod
Ukraine,Poltavs'ka,Nova Haleshchyna
Ukraine,Poltavs'ka,Novi Sanzhary
Ukraine,Poltavs'ka,Novoorzhyts'ke
Ukraine,Poltavs'ka,Opishnya
Ukraine,Poltavs'ka,Orzhytsya
Ukraine,Poltavs'ka,Pishchane
Ukraine,Poltavs'ka,Poltava
Ukraine,Poltavs'ka,Popivka
Ukraine,Poltavs'ka,Pyryatyn
Ukraine,Poltavs'ka,Reshetylivka
Ukraine,Poltavs'ka,Romodan
Ukraine,Poltavs'ka,Rozsoshentsi
Ukraine,Poltavs'ka,Seleshchyna
Ukraine,Poltavs'ka,Semenivka
Ukraine,Poltavs'ka,Sencha
Ukraine,Poltavs'ka,Shyshaky
Ukraine,Poltavs'ka,Suprunivka
Ukraine,Poltavs'ka,Velyka Bahachka
Ukraine,Poltavs'ka,Velyki Sorochyntsi
Ukraine,Poltavs'ka,Yares'ky
Ukraine,Poltavs'ka,Zasullya
Ukraine,Poltavs'ka,Zin'kiv
Ukraine,Rivnens'ka,Berezne
Ukraine,Rivnens'ka,Demydivka
Ukraine,Rivnens'ka,Dubno
Ukraine,Rivnens'ka,Dubrovytsya
Ukraine,Rivnens'ka,Horodyshche
Ukraine,Rivnens'ka,Hoshcha
Ukraine,Rivnens'ka,Klesiv
Ukraine,Rivnens'ka,Klevan'
Ukraine,Rivnens'ka,Kolodenka
Ukraine,Rivnens'ka,Korets'
Ukraine,Rivnens'ka,Kostopil'
Ukraine,Rivnens'ka,Kuznetsovs'k
Ukraine,Rivnens'ka,Kvasyliv
Ukraine,Rivnens'ka,Mizoch
Ukraine,Rivnens'ka,Mlyniv
Ukraine,Rivnens'ka,Nemovychi
Ukraine,Rivnens'ka,Orzhiv
Ukraine,Rivnens'ka,Ostroh
Ukraine,Rivnens'ka,Ozhenyn
Ukraine,Rivnens'ka,Radyvyliv
Ukraine,Rivnens'ka,Rafalivka
Ukraine,Rivnens'ka,Rivne
Ukraine,Rivnens'ka,Rokytne
Ukraine,Rivnens'ka,Sarny
Ukraine,Rivnens'ka,Smyha
Ukraine,Rivnens'ka,Sosnove
Ukraine,Rivnens'ka,Stepan'
Ukraine,Rivnens'ka,Tomashhorod
Ukraine,Rivnens'ka,Tynne
Ukraine,Rivnens'ka,Volodymyrets'
Ukraine,Rivnens'ka,Zarichne
Ukraine,Rivnens'ka,Zdolbuniv
Ukraine,Rivnens'ka,Zdovbytsya
Ukraine,Rivnens'ka,Zorya
Ukraine,Sevastopol',Sevastopol'
Ukraine,Sums'ka,Bilopillya
Ukraine,Sums'ka,Boromlya
Ukraine,Sums'ka,Buryn'
Ukraine,Sums'ka,Chervone
Ukraine,Sums'ka,Chupakhivka
Ukraine,Sums'ka,Druzhba
Ukraine,Sums'ka,Dubov'yazivka
Ukraine,Sums'ka,Hlukhiv
Ukraine,Sums'ka,Khotin'
Ukraine,Sums'ka,Konotop
Ukraine,Sums'ka,Krasnopillya
Ukraine,Sums'ka,Krolevets'
Ukraine,Sums'ka,Kyrykivka
Ukraine,Sums'ka,Lebedyn
Ukraine,Sums'ka,Lypova Dolyna
Ukraine,Sums'ka,Nedryhayliv
Ukraine,Sums'ka,Nyzhnya Syrovatka
Ukraine,Sums'ka,Nyzy
Ukraine,Sums'ka,Okhtyrka
Ukraine,Sums'ka,Popivka
Ukraine,Sums'ka,Putyvl'
Ukraine,Sums'ka,Romny
Ukraine,Sums'ka,Seredyna-Buda
Ukraine,Sums'ka,Shalyhyne
Ukraine,Sums'ka,Shostka
Ukraine,Sums'ka,Sloboda
Ukraine,Sums'ka,Stepanivka
Ukraine,Sums'ka,Stets'kivka
Ukraine,Sums'ka,Sumy
Ukraine,Sums'ka,Svesa
Ukraine,Sums'ka,Terny
Ukraine,Sums'ka,Trostyanets'
Ukraine,Sums'ka,Uhroyidy
Ukraine,Sums'ka,Ulyanivka
Ukraine,Sums'ka,Velyka Pysarivka
Ukraine,Sums'ka,Verkhnya Syrovatka
Ukraine,Sums'ka,Voronizh
Ukraine,Sums'ka,Vorozhba
Ukraine,Sums'ka,Yampil'
Ukraine,Sums'ka,Zhovtneve
Ukraine,Sums'ka,Znob-Novhorods'ke
Ukraine,Ternopil's'ka,Berezhany
Ukraine,Ternopil's'ka,Bila
Ukraine,Ternopil's'ka,Borshchiv
Ukraine,Ternopil's'ka,Buchach
Ukraine,Ternopil's'ka,Chortkiv
Ukraine,Ternopil's'ka,Druzhba
Ukraine,Ternopil's'ka,Hrymayliv
Ukraine,Ternopil's'ka,Husyatyn
Ukraine,Ternopil's'ka,Khorostkiv
Ukraine,Ternopil's'ka,Kopychyntsi
Ukraine,Ternopil's'ka,Koropets'
Ukraine,Ternopil's'ka,Kozliv
Ukraine,Ternopil's'ka,Kozova
Ukraine,Ternopil's'ka,Kremenets'
Ukraine,Ternopil's'ka,Lanivtsi
Ukraine,Ternopil's'ka,Mel'nytsya-Podil's'ka
Ukraine,Ternopil's'ka,Monastyrys'ka
Ukraine,Ternopil's'ka,Ozerna
Ukraine,Ternopil's'ka,Petrykiv
Ukraine,Ternopil's'ka,Pidhaytsi
Ukraine,Ternopil's'ka,Pidvolochys'k
Ukraine,Ternopil's'ka,Pochaiv
Ukraine,Ternopil's'ka,Shums'k
Ukraine,Ternopil's'ka,Skala-Podil's'ka
Ukraine,Ternopil's'ka,Skalat
Ukraine,Ternopil's'ka,Terebovlya
Ukraine,Ternopil's'ka,Ternopil'
Ukraine,Ternopil's'ka,Tovste
Ukraine,Ternopil's'ka,Trybukhivtsi
Ukraine,Ternopil's'ka,Velyka Berezovytsya
Ukraine,Ternopil's'ka,Velyki Birky
Ukraine,Ternopil's'ka,Velyki Hayi
Ukraine,Ternopil's'ka,Vyshnivets'
Ukraine,Ternopil's'ka,Zalishchyky
Ukraine,Ternopil's'ka,Zaliztsi
Ukraine,Ternopil's'ka,Zavods'ke
Ukraine,Ternopil's'ka,Zbarazh
Ukraine,Ternopil's'ka,Zboriv
Ukraine,Ternopil's'ka,Zolotyy Potik
Ukraine,Vinnyts'ka,Ahronomichne
Ukraine,Vinnyts'ka,Balanivka
Ukraine,Vinnyts'ka,Bar
Ukraine,Vinnyts'ka,Bershad'
Ukraine,Vinnyts'ka,Borivka
Ukraine,Vinnyts'ka,Bratslav
Ukraine,Vinnyts'ka,Brayiliv
Ukraine,Vinnyts'ka,Brodets'ke
Ukraine,Vinnyts'ka,Chechel'nyk
Ukraine,Vinnyts'ka,Chernivtsi
Ukraine,Vinnyts'ka,Dashiv
Ukraine,Vinnyts'ka,Desna
Ukraine,Vinnyts'ka,Dzhulynka
Ukraine,Vinnyts'ka,Dzhuryn
Ukraine,Vinnyts'ka,Dzyhivka
Ukraine,Vinnyts'ka,Floryne
Ukraine,Vinnyts'ka,Haysyn
Ukraine,Vinnyts'ka,Hlukhivtsi
Ukraine,Vinnyts'ka,Hnivan'
Ukraine,Vinnyts'ka,Horodkivka
Ukraine,Vinnyts'ka,Illintsi
Ukraine,Vinnyts'ka,Ivaniv
Ukraine,Vinnyts'ka,Kalynivka
Ukraine,Vinnyts'ka,Khmil'nyk
Ukraine,Vinnyts'ka,Klekotyna
Ukraine,Vinnyts'ka,Klembivka
Ukraine,Vinnyts'ka,Komsomol's'ke
Ukraine,Vinnyts'ka,Kopayhorod
Ukraine,Vinnyts'ka,Kovalivka
Ukraine,Vinnyts'ka,Kozyatyn
Ukraine,Vinnyts'ka,Kryzhopil'
Ukraine,Vinnyts'ka,Kynashiv
Ukraine,Vinnyts'ka,Kyrnasivka
Ukraine,Vinnyts'ka,Ladyzhyn
Ukraine,Vinnyts'ka,Lityn
Ukraine,Vinnyts'ka,Luka-Meleshkivs'ka
Ukraine,Vinnyts'ka,Lypovets'
Ukraine,Vinnyts'ka,Mazurivka
Ukraine,Vinnyts'ka,Mohyliv-Podil's'kyy
Ukraine,Vinnyts'ka,Murovani Kurylivtsi
Ukraine,Vinnyts'ka,Nemyriv
Ukraine,Vinnyts'ka,Obodivka
Ukraine,Vinnyts'ka,Ol'hopil'
Ukraine,Vinnyts'ka,Orativ
Ukraine,Vinnyts'ka,Pavlivka
Ukraine,Vinnyts'ka,Pishchanka
Ukraine,Vinnyts'ka,Pohrebyshche
Ukraine,Vinnyts'ka,Rakhny Lisovi
Ukraine,Vinnyts'ka,Rudnytsya
Ukraine,Vinnyts'ka,Serebriya
Ukraine,Vinnyts'ka,Sharhorod
Ukraine,Vinnyts'ka,Shpykiv
Ukraine,Vinnyts'ka,Sobolivka
Ukraine,Vinnyts'ka,Stryzhavka
Ukraine,Vinnyts'ka,Sutysky
Ukraine,Vinnyts'ka,Sytkivtsi
Ukraine,Vinnyts'ka,Teplyk
Ukraine,Vinnyts'ka,Tomashpil'
Ukraine,Vinnyts'ka,Trostyanets'
Ukraine,Vinnyts'ka,Tul'chyn
Ukraine,Vinnyts'ka,Turbiv
Ukraine,Vinnyts'ka,Tyvriv
Ukraine,Vinnyts'ka,Ulaniv
Ukraine,Vinnyts'ka,Vapnyarka
Ukraine,Vinnyts'ka,Velyka Kisnytsya
Ukraine,Vinnyts'ka,Vendychany
Ukraine,Vinnyts'ka,Vinnyts'ki Khutory
Ukraine,Vinnyts'ka,Vinnytsya
Ukraine,Vinnyts'ka,Viytivka
Ukraine,Vinnyts'ka,Voronovytsya
Ukraine,Vinnyts'ka,Yampil'
Ukraine,Vinnyts'ka,Zaliznychne
Ukraine,Vinnyts'ka,Zarvantsi
Ukraine,Vinnyts'ka,Zhmerynka
Ukraine,Volyns'ka,Berestechko
Ukraine,Volyns'ka,Dubyshche
Ukraine,Volyns'ka,Holoby
Ukraine,Volyns'ka,Holovne
Ukraine,Volyns'ka,Horokhiv
Ukraine,Volyns'ka,Ivanychi
Ukraine,Volyns'ka,Kamin'-Kashyrs'kyy
Ukraine,Volyns'ka,Kivertsi
Ukraine,Volyns'ka,Kolky
Ukraine,Volyns'ka,Kovel'
Ukraine,Volyns'ka,Lokachi
Ukraine,Volyns'ka,Lukiv
Ukraine,Volyns'ka,Luts'k
Ukraine,Volyns'ka,Lyubeshiv
Ukraine,Volyns'ka,Lyublynets'
Ukraine,Volyns'ka,Lyuboml'
Ukraine,Volyns'ka,Manevychi
Ukraine,Volyns'ka,Mar'yanivka
Ukraine,Volyns'ka,Novovolyns'k
Ukraine,Volyns'ka,Olyka
Ukraine,Volyns'ka,Pidhaytsi
Ukraine,Volyns'ka,Rakiv Lis
Ukraine,Volyns'ka,Ratne
Ukraine,Volyns'ka,Rokyni
Ukraine,Volyns'ka,Rozhyshche
Ukraine,Volyns'ka,Senkevychivka
Ukraine,Volyns'ka,Shats'k
Ukraine,Volyns'ka,Stara Vyzhivka
Ukraine,Volyns'ka,Torchyn
Ukraine,Volyns'ka,Tsuman'
Ukraine,Volyns'ka,Turiys'k
Ukraine,Volyns'ka,Ustyluh
Ukraine,Volyns'ka,Volodymyr-Volyns'kyy
Ukraine,Volyns'ka,Zabolottya
Ukraine,Volyns'ka,Zhovtneve
Ukraine,Zakarpats'ka,Bat'ovo
Ukraine,Zakarpats'ka,Bedevlya
Ukraine,Zakarpats'ka,Berehove
Ukraine,Zakarpats'ka,Bereznyky
Ukraine,Zakarpats'ka,Berezovo
Ukraine,Zakarpats'ka,Bila Tserkva
Ukraine,Zakarpats'ka,Bilky
Ukraine,Zakarpats'ka,Bohdan
Ukraine,Zakarpats'ka,Boronyavo
Ukraine,Zakarpats'ka,Bushtyno
Ukraine,Zakarpats'ka,Chop
Ukraine,Zakarpats'ka,Chynadiyovo
Ukraine,Zakarpats'ka,Dibrova
Ukraine,Zakarpats'ka,Dovhe
Ukraine,Zakarpats'ka,Drahovo
Ukraine,Zakarpats'ka,Dubove
Ukraine,Zakarpats'ka,Hanychi
Ukraine,Zakarpats'ka,Hat'
Ukraine,Zakarpats'ka,Hlybokyy Potik
Ukraine,Zakarpats'ka,Horinchovo
Ukraine,Zakarpats'ka,Horonda
Ukraine,Zakarpats'ka,Hrushovo
Ukraine,Zakarpats'ka,Il'nytsya
Ukraine,Zakarpats'ka,Irshava
Ukraine,Zakarpats'ka,Iza
Ukraine,Zakarpats'ka,Kalyny
Ukraine,Zakarpats'ka,Kerets'ky
Ukraine,Zakarpats'ka,Khust
Ukraine,Zakarpats'ka,Kobylets'ka Polyana
Ukraine,Zakarpats'ka,Kol'chyno
Ukraine,Zakarpats'ka,Kolochava
Ukraine,Zakarpats'ka,Kopashnovo
Ukraine,Zakarpats'ka,Korolevo
Ukraine,Zakarpats'ka,Koshel'ovo
Ukraine,Zakarpats'ka,Kosivs'ka Polyana
Ukraine,Zakarpats'ka,Kryva
Ukraine,Zakarpats'ka,Kushnytsya
Ukraine,Zakarpats'ka,Lazeshchyna
Ukraine,Zakarpats'ka,Lazy
Ukraine,Zakarpats'ka,Lopukhiv
Ukraine,Zakarpats'ka,Lypcha
Ukraine,Zakarpats'ka,Lysychovo
Ukraine,Zakarpats'ka,Malyy Rakovets'
Ukraine,Zakarpats'ka,Mezhgorye
Ukraine,Zakarpats'ka,Mukacheve
Ukraine,Zakarpats'ka,Mynay
Ukraine,Zakarpats'ka,Nelipyno
Ukraine,Zakarpats'ka,Neresnytsya
Ukraine,Zakarpats'ka,Nove Davydkovo
Ukraine,Zakarpats'ka,Novoselytsya
Ukraine,Zakarpats'ka,Nyzhnye Selyshche
Ukraine,Zakarpats'ka,Oleshnyk
Ukraine,Zakarpats'ka,Onok
Ukraine,Zakarpats'ka,Osiy
Ukraine,Zakarpats'ka,Perechyn
Ukraine,Zakarpats'ka,Pidvynohradiv
Ukraine,Zakarpats'ka,Poroshkovo
Ukraine,Zakarpats'ka,Pryborzhavs'ke
Ukraine,Zakarpats'ka,Rakhiv
Ukraine,Zakarpats'ka,Rakoshyno
Ukraine,Zakarpats'ka,Rokosovo
Ukraine,Zakarpats'ka,Serednye
Ukraine,Zakarpats'ka,Serednye Vodyane
Ukraine,Zakarpats'ka,Shalanky
Ukraine,Zakarpats'ka,Sil'tse
Ukraine,Zakarpats'ka,Sokyrnytsya
Ukraine,Zakarpats'ka,Solotvyno
Ukraine,Zakarpats'ka,Strabychovo
Ukraine,Zakarpats'ka,Svalyava
Ukraine,Zakarpats'ka,Synevyr
Ukraine,Zakarpats'ka,Teresva
Ukraine,Zakarpats'ka,Tur'yi Remety
Ukraine,Zakarpats'ka,Tyachiv
Ukraine,Zakarpats'ka,Ust'-Chorna
Ukraine,Zakarpats'ka,Uzhhorod
Ukraine,Zakarpats'ka,Vary
Ukraine,Zakarpats'ka,Velyatyno
Ukraine,Zakarpats'ka,Velyka Dobron'
Ukraine,Zakarpats'ka,Velyka Kopanya
Ukraine,Zakarpats'ka,Velyki Kom'yaty
Ukraine,Zakarpats'ka,Velyki Luchky
Ukraine,Zakarpats'ka,Velykyy Bereznyy
Ukraine,Zakarpats'ka,Velykyy Bychkiv
Ukraine,Zakarpats'ka,Velykyy Rakovets'
Ukraine,Zakarpats'ka,Verkhnye Vodyane
Ukraine,Zakarpats'ka,Vil'khivtsi
Ukraine,Zakarpats'ka,Volovets'
Ukraine,Zakarpats'ka,Vylok
Ukraine,Zakarpats'ka,Vynohradiv
Ukraine,Zakarpats'ka,Vyshkovo
Ukraine,Zakarpats'ka,Yasinya
Ukraine,Zakarpats'ka,Zarichchya
Ukraine,Zakarpats'ka,Zhdeniyevo
Ukraine,Zakarpats'ka,Zolotar'ovo
Ukraine,Zaporiz'ka,Andriyivka
Ukraine,Zaporiz'ka,Balabyne
Ukraine,Zaporiz'ka,Balky
Ukraine,Zaporiz'ka,Berdyans'k
Ukraine,Zaporiz'ka,Bilen'ke
Ukraine,Zaporiz'ka,Chapayevka
Ukraine,Zaporiz'ka,Chernihivka
Ukraine,Zaporiz'ka,Dniprorudne
Ukraine,Zaporiz'ka,Dniprovka
Ukraine,Zaporiz'ka,Enerhodar
Ukraine,Zaporiz'ka,Hulyaypole
Ukraine,Zaporiz'ka,Kam'yane
Ukraine,Zaporiz'ka,Kam'yanka-Dniprovs'ka
Ukraine,Zaporiz'ka,Kins'ki Rozdory
Ukraine,Zaporiz'ka,Kirove
Ukraine,Zaporiz'ka,Komysh-Zorya
Ukraine,Zaporiz'ka,Komyshuvakha
Ukraine,Zaporiz'ka,Kostyantynivka
Ukraine,Zaporiz'ka,Kushuhum
Ukraine,Zaporiz'ka,Kuybysheve
Ukraine,Zaporiz'ka,Kyrylivka
Ukraine,Zaporiz'ka,Mala Bilozerka
Ukraine,Zaporiz'ka,Mala Tokmachka
Ukraine,Zaporiz'ka,Malokaterynivka
Ukraine,Zaporiz'ka,Matviyivka
Ukraine,Zaporiz'ka,Melitopol'
Ukraine,Zaporiz'ka,Molochans'k
Ukraine,Zaporiz'ka,Mykhaylivka
Ukraine,Zaporiz'ka,Myrne
Ukraine,Zaporiz'ka,Novobohdanivka
Ukraine,Zaporiz'ka,Novomykolayivka
Ukraine,Zaporiz'ka,Novovasylivka
Ukraine,Zaporiz'ka,Orikhiv
Ukraine,Zaporiz'ka,Osypenko
Ukraine,Zaporiz'ka,Polohy
Ukraine,Zaporiz'ka,Preobrazhenka
Ukraine,Zaporiz'ka,Pryazovs'ke
Ukraine,Zaporiz'ka,Prymors'k
Ukraine,Zaporiz'ka,Prymors'ke
Ukraine,Zaporiz'ka,Pryshyb
Ukraine,Zaporiz'ka,Rozivka
Ukraine,Zaporiz'ka,Stepnohirs'k
Ukraine,Zaporiz'ka,Teplychne
Ukraine,Zaporiz'ka,Ternuvate
Ukraine,Zaporiz'ka,Terpinnya
Ukraine,Zaporiz'ka,Tokmak
Ukraine,Zaporiz'ka,Tymoshivka
Ukraine,Zaporiz'ka,Vasylivka
Ukraine,Zaporiz'ka,Velyka Bilozerka
Ukraine,Zaporiz'ka,Velyka Znam'yanka
Ukraine,Zaporiz'ka,Vesele
Ukraine,Zaporiz'ka,Vil'nyans'k
Ukraine,Zaporiz'ka,Vodyane
Ukraine,Zaporiz'ka,Voznesenka
Ukraine,Zaporiz'ka,Yakymivka
Ukraine,Zaporiz'ka,Zaliznychne
Ukraine,Zaporiz'ka,Zaporizhzhya
Ukraine,Zhytomyrs'ka,Andrushivka
Ukraine,Zhytomyrs'ka,Baranivka
Ukraine,Zhytomyrs'ka,Berdychiv
Ukraine,Zhytomyrs'ka,Bila Krynytsya
Ukraine,Zhytomyrs'ka,Brusyliv
Ukraine,Zhytomyrs'ka,Buchmany
Ukraine,Zhytomyrs'ka,Bykivka
Ukraine,Zhytomyrs'ka,Chernyakhiv
Ukraine,Zhytomyrs'ka,Chervone
Ukraine,Zhytomyrs'ka,Chervonoarmiys'k
Ukraine,Zhytomyrs'ka,Chopovychi
Ukraine,Zhytomyrs'ka,Chudniv
Ukraine,Zhytomyrs'ka,Dibrova
Ukraine,Zhytomyrs'ka,Dovbysh
Ukraine,Zhytomyrs'ka,Druzhba
Ukraine,Zhytomyrs'ka,Dzerzhyns'k
Ukraine,Zhytomyrs'ka,Holovyne
Ukraine,Zhytomyrs'ka,Horodnytsya
Ukraine,Zhytomyrs'ka,Hranitne
Ukraine,Zhytomyrs'ka,Hryshkivtsi
Ukraine,Zhytomyrs'ka,Huyva
Ukraine,Zhytomyrs'ka,Irshans'k
Ukraine,Zhytomyrs'ka,Ivanopil'
Ukraine,Zhytomyrs'ka,Kam'yanyy Brid
Ukraine,Zhytomyrs'ka,Kornyn
Ukraine,Zhytomyrs'ka,Korosten'
Ukraine,Zhytomyrs'ka,Korostyshiv
Ukraine,Zhytomyrs'ka,Luhyny
Ukraine,Zhytomyrs'ka,Lyubar
Ukraine,Zhytomyrs'ka,Malyn
Ukraine,Zhytomyrs'ka,Mar'yanivka
Ukraine,Zhytomyrs'ka,Myropil'
Ukraine,Zhytomyrs'ka,Narodychi
Ukraine,Zhytomyrs'ka,Nova Borova
Ukraine,Zhytomyrs'ka,Novi Bilokorovychi
Ukraine,Zhytomyrs'ka,Novohrad-Volyns'kyy
Ukraine,Zhytomyrs'ka,Novohuyvyns'ke
Ukraine,Zhytomyrs'ka,Novoozeryanka
Ukraine,Zhytomyrs'ka,Olevs'k
Ukraine,Zhytomyrs'ka,Ovruch
Ukraine,Zhytomyrs'ka,Ozerne
Ukraine,Zhytomyrs'ka,Pershotravens'k
Ukraine,Zhytomyrs'ka,Pershotravneve
Ukraine,Zhytomyrs'ka,Polyanka
Ukraine,Zhytomyrs'ka,Popil'nya
Ukraine,Zhytomyrs'ka,Radomyshl'
Ukraine,Zhytomyrs'ka,Ruzhyn
Ukraine,Zhytomyrs'ka,Vakulenchuk
Ukraine,Zhytomyrs'ka,Velyki Korovyntsi
Ukraine,Zhytomyrs'ka,Volodars'k-Volyns'kyy
Ukraine,Zhytomyrs'ka,Yablunets'
Ukraine,Zhytomyrs'ka,Yemil'chyne
Ukraine,Zhytomyrs'ka,Zhovtneve
Ukraine,Zhytomyrs'ka,Zhytomyr
